post_id,content_text,public_time,user_cmt,image_link_cmt,image_content_cmt,number_like_cmt,number_love_cmt,number_support_cmt,number_haha_cmt,number_wow_cmt,number_sorry_cmt,number_anger_cmt,number_reaction_cmt,source_crawl_post,type_source_post
2595415750756084,v√†o ƒëi mn ·∫°. r·ªìi test t·ªëc ƒë·ªô v·ªõi m√¢y ch√°u racing boy c·∫•p 2 :)))),2020-08-03,100005490436689,,,0,0,0,0,0,0,0,0,FACEBOOK,SOCIAL_NETWORK
2595415750756084,Nguy·ªÖn Th·ªã My Xu√¢n ƒëi tr√™n con ƒëg naÃÄy thiÃÄ √¥i khoÃâi phaÃâi noÃÅi ƒëaÃÉ vl üòÇüòÇüòÇüòÇ,2020-08-03,100011118674725,,,0,0,0,0,0,0,0,0,FACEBOOK,SOCIAL_NETWORK
2595415750756084,Cho m√¨nh xin to·∫° ƒë·ªô c·ª• th·ªÉ v·ªõi ·∫°,2020-08-03,100003187545283,,,0,0,0,0,0,0,0,0,FACEBOOK,SOCIAL_NETWORK
2595415750756084,ƒê∆∞·ª£cc,2020-08-02,100022970624075,,,1,0,0,0,0,0,0,1,FACEBOOK,SOCIAL_NETWORK
2595415750756084,B√†n Minh üòç,2020-08-02,100020261642394,,,0,0,0,0,0,0,0,0,FACEBOOK,SOCIAL_NETWORK
2595415750756084,Xin ·∫£nh nha b,2020-08-02,100015153365864,,,1,0,0,0,0,0,0,1,FACEBOOK,SOCIAL_NETWORK
2595415750756084,Hu·ª≥nh Nguy·ªÖn Vi·ªát C∆∞·ªùng ƒëi qua ch·ªó n√†y ch∆∞a :))),2020-08-02,100012024701621,,,0,0,0,0,0,0,0,0,FACEBOOK,SOCIAL_NETWORK
2595415750756084,C·∫©m Linh,2020-08-02,100009922689349,,,0,0,0,0,0,0,0,0,FACEBOOK,SOCIAL_NETWORK
2595415750756084,ƒê·∫πp qu√°,2020-08-02,100027796493713,,,1,0,0,0,0,0,0,1,FACEBOOK,SOCIAL_NETWORK
2595415750756084,Nguyen Thanh Duy ƒë√£,2020-08-02,100005909341946,,,0,0,1,0,0,0,0,1,FACEBOOK,SOCIAL_NETWORK
2595415750756084,C≈©ng Pleiku üòä,2020-08-02,100001917591331,https://scontent.fhan5-6.fna.fbcdn.net/v/t1.0-0/s403x403/116710993_4079910738749472_2013597234571503754_o.jpg?_nc_cat=105&_nc_sid=dbeb18&_nc_ohc=RYRZ_Pwtmk8AX_voRyK&_nc_ht=scontent.fhan5-6.fna&_nc_tp=7&oh=92e0f7cba91b08a867da61f6eef40fbc&oe=5F4C70C4," ƒë√°m m√¢y, b·∫ßu tr·ªùi, c√¢y, ngo√†i tr·ªùi v√† thi√™n nhi√™n",1,0,0,0,0,0,0,1,FACEBOOK,SOCIAL_NETWORK
2595415750756084,ƒêg h·∫ªo l√°nh ƒëi t·ªëi s·ª£ b·ªè m·∫π,2020-08-02,100025368769690,,,0,0,0,2,0,0,0,2,FACEBOOK,SOCIAL_NETWORK
2595415750756084,ƒêi ƒë∆∞·ªùng n√†y gi√≥ to c·∫£m gi√°c bay xe ü§£,2020-08-02,100003644100032,,,1,0,0,0,0,0,0,1,FACEBOOK,SOCIAL_NETWORK
2595415750756084,V≈© Ho√†ng H√† ƒëo·∫°n n√†y ch·ªã em m√¨nh ƒëi ch∆∞a?,2020-08-02,100030520074178,,,1,0,0,0,0,0,0,1,FACEBOOK,SOCIAL_NETWORK
2595415750756084,D·ªëc l√™n kh√∫c kh·ªßyu d·ªëc thƒÉm th·∫≥m,2020-08-02,100016261338995,,,2,0,0,0,0,0,0,2,FACEBOOK,SOCIAL_NETWORK
2595415750756084,Ti·ªÅn Ti·ªÅnüåö,2020-08-02,100019130343366,,,0,0,0,1,0,0,0,1,FACEBOOK,SOCIAL_NETWORK
2595415750756084,ƒê·∫πp qu√°,2020-08-02,100005530598866,,,2,0,0,0,0,0,0,2,FACEBOOK,SOCIAL_NETWORK
2595415750756084,ƒëi xe ƒë·∫°p th√¨ ƒëang h·∫øt m·ªát l·∫°i m·ªát l·∫°i @@,2020-08-02,100002443228274,,,0,0,0,2,0,0,0,2,FACEBOOK,SOCIAL_NETWORK
2595415750756084,ƒêo·∫°n ƒë∆∞∆°ng hay b·ªã b·∫Øn t·ªëc ƒë·ªô,2020-08-02,100022636816720,,,1,0,0,0,0,0,0,1,FACEBOOK,SOCIAL_NETWORK
2595415750756084,Oanh Paris E bi·∫øt con ƒë∆∞·ªùng n√†y kh√¥ng ?,2020-08-02,100004960664277,,,1,0,0,0,0,0,0,1,FACEBOOK,SOCIAL_NETWORK
2595415750756084,Xi Mao alo c iu ..,2020-08-02,100007802442981,,,1,0,0,0,0,0,0,1,FACEBOOK,SOCIAL_NETWORK
2595415750756084,ƒê∆∞·ªùng ch·ªó n√†o ƒë·∫•y,2020-08-02,100035667363528,,,0,0,0,0,0,0,0,0,FACEBOOK,SOCIAL_NETWORK
2595415750756084,ƒê·∫πp nh·ªü,2020-08-02,100018882857709,,,1,0,0,0,0,0,0,1,FACEBOOK,SOCIAL_NETWORK
2595415750756084,V≈© Lan H∆∞∆°ng xe t m√† ƒë·∫øn ƒëo·∫°n n√†y th√¨ t s·∫Ω v·ª©t xe ƒëi b·ªôüòÇüòÇ,2020-08-02,100005915533890,,,0,0,0,1,0,0,0,1,FACEBOOK,SOCIAL_NETWORK
2595415750756084,Thu·∫≠n ƒë·∫πp ,2020-08-02,100008380894104,,,1,0,0,0,0,0,0,1,FACEBOOK,SOCIAL_NETWORK
2595415750756084,N√≥ y nh∆∞ con ƒë∆∞·ªùng t√¨nh y√™u c·ªßa t v·∫≠y :)),2020-08-02,100010014854127,,,0,0,0,1,0,0,0,1,FACEBOOK,SOCIAL_NETWORK
2595415750756084,D≈©ng T·∫•n b·∫Øn =)),2020-08-02,100009154046131,,,0,0,0,0,0,0,0,0,FACEBOOK,SOCIAL_NETWORK
2595415750756084,ƒë·∫πp ,2020-08-02,100047758792375,,,1,0,0,0,0,0,0,1,FACEBOOK,SOCIAL_NETWORK
2595415750756084,Tr·∫ßn Minh D∆∞∆°ngüòÖüòÖ,2020-08-02,100009934688493,,,0,0,0,0,0,1,0,1,FACEBOOK,SOCIAL_NETWORK
2595415750756084,ƒêinh Th·ªã H·ªìng H·∫≠u ƒë·ªÉ t ƒë√®o m ƒëi:3,2020-08-02,100014719060490,,,0,0,0,0,0,1,0,1,FACEBOOK,SOCIAL_NETWORK
2595415750756084,ƒê∆∞·ªùng ƒë·∫πp ch·ªâ thi·∫øu e ƒëi c√πng l√† ƒë·ªß b·ªô.,2020-08-02,100022907630886,,,1,0,0,1,0,0,0,2,FACEBOOK,SOCIAL_NETWORK
2595415750756084,D∆∞·ªùng l√™n ƒë√≥ng ph·∫°t ch·ª© m·ªçe b·∫Øn t·ªëc ƒë·ªô ko,2020-08-02,100013396385535,,,1,0,0,0,0,0,0,1,FACEBOOK,SOCIAL_NETWORK
2595415750756084,ƒê∆∞·ªùng l√™n tr·ªùi =)))),2020-08-02,100005870520323,,,1,0,0,0,0,0,0,1,FACEBOOK,SOCIAL_NETWORK
2595415750756084,Ch∆∞a dk d·ªãp ƒëi t√¢y nguy√™n...,2020-08-02,100005584245410,,,2,0,0,0,0,0,0,2,FACEBOOK,SOCIAL_NETWORK
2595415750756084,Ph·∫°m B√° Ph√∫ g·∫ßn nh√† bro ko,2020-08-02,100007711447969,,,0,0,0,0,0,0,0,0,FACEBOOK,SOCIAL_NETWORK
2595415750756084,Quanq H∆∞nq ƒë·∫πp ph·∫øt,2020-08-02,100009167238435,,,1,0,0,0,0,0,0,1,FACEBOOK,SOCIAL_NETWORK
2595415750756084,Ngoc Hiep Sy v·ª´a hqua xem xong,2020-08-02,100004056126631,,,1,0,0,0,0,0,0,1,FACEBOOK,SOCIAL_NETWORK
2595415750756084,Ch·∫•t ng·∫•t ·∫° üòç,2020-08-02,100010506304759,,,1,0,0,0,0,0,0,1,FACEBOOK,SOCIAL_NETWORK
2595415750756084,H·∫£i Tr·∫ßn l√†m chuy·∫øn kh√¥ng b·∫°n ey,2020-08-02,100001600363620,,,1,0,0,0,0,0,0,1,FACEBOOK,SOCIAL_NETWORK
2595415750756084,D·∫ªo H∆∞·ªùng bao gi·ªù m·ªõi c√≥ ti·ªÅn ƒëi nh√≤ üò≠üò≠,2020-08-02,100006225317272,,,0,0,0,0,0,0,0,0,FACEBOOK,SOCIAL_NETWORK
2595415750756084,Bell Nguyen l√™n lu√¥n c·∫≠u ∆°i ,2020-08-02,100012149289034,,,1,0,0,0,0,0,0,1,FACEBOOK,SOCIAL_NETWORK
2595415750756084,Xuanquynh Nguyen Ho ü§™,2020-08-02,100010476240783,,,0,1,0,0,0,0,0,1,FACEBOOK,SOCIAL_NETWORK
2595415750756084,Viet Anh Pham gi·ªëng dg v·ªÅ nh√† a vch,2020-08-02,100004260817335,,,0,0,0,0,0,0,0,0,FACEBOOK,SOCIAL_NETWORK
2595415750756084,Tr√† üôÜüèª‚Äç‚ôÄÔ∏è,2020-08-02,100007098811201,,,0,0,0,1,0,0,0,1,FACEBOOK,SOCIAL_NETWORK
2595415750756084,Tam Nguyem ƒë·∫πp nh·ªù. Anh ƒëi ch∆∞a,2020-08-02,100011185801031,,,1,0,0,0,0,0,0,1,FACEBOOK,SOCIAL_NETWORK
2595415750756084,ƒê·∫πp qu√° b·∫°n ∆°i C√≥ ƒëo·∫°n n√†o n·ªØa ko v·∫≠y hay m·ªói ƒëo·∫°n n√†y th√¥i ·∫°,2020-08-02,100040799381073,,,0,0,0,0,0,0,0,0,FACEBOOK,SOCIAL_NETWORK
2595415750756084,Hi·ªÅn Ladykillah d√£ man nh·ªâ?,2020-08-02,100006813371912,,,0,0,0,0,0,0,0,0,FACEBOOK,SOCIAL_NETWORK
2595415750756084,ƒê√†m Thu·ª≥ ,2020-08-02,100034672747102,,,0,0,0,0,0,0,0,0,FACEBOOK,SOCIAL_NETWORK
2595415750756084,Kim H·∫±ng nh√¨n ƒë√£ thi·ªát b√†,2020-08-02,100027508010894,,,0,0,0,0,1,0,0,1,FACEBOOK,SOCIAL_NETWORK
2595415750756084,Ph·∫°m Lu·∫≠t,2020-08-02,100010464810193,,,0,0,0,0,0,0,0,0,FACEBOOK,SOCIAL_NETWORK
2595415750756084,U√¢y!! Nh·∫≠t ƒë·ªãnh ƒëi ƒë·∫øn ƒë√¢y 1 l·∫ßn... he heüôÉ,2020-08-02,100022031298014,,,2,0,0,0,0,0,0,2,FACEBOOK,SOCIAL_NETWORK
2595415750756084,Ch·ªâ th√≠ch ng·ªìi xe ƒë·∫°p lao xg d·ªëc ,2020-08-02,100018677778871,,,0,0,0,0,0,0,0,0,FACEBOOK,SOCIAL_NETWORK
2595415750756084,Kh√°nh Minh m·ªët ƒëi th·ª≠ ƒë∆∞·ªùng nay ƒëi a ü§£ü§£,2020-08-02,100025412704896,,,0,1,0,0,0,0,0,1,FACEBOOK,SOCIAL_NETWORK
2595415750756084,ƒê·∫πp th·∫≠t,2020-08-02,100045930947272,,,1,0,0,0,0,0,0,1,FACEBOOK,SOCIAL_NETWORK
2595415750756084,V≈© Minh Nguy·ªÖn ƒëg ƒë·∫πp,2020-08-02,100003928066607,,,0,0,0,0,0,0,0,0,FACEBOOK,SOCIAL_NETWORK
2595415750756084,‚ù§Ô∏è,2020-08-02,100009545272523,,,0,0,0,1,0,0,0,1,FACEBOOK,SOCIAL_NETWORK
2595415750756084,123456789 123456789 123456789 üêò 2‚É£ üïì üìó üëè ‚ñ™ üõÑ,2020-08-02,100049867250471,,,0,0,0,0,0,0,0,0,FACEBOOK,SOCIAL_NETWORK
2595415750756084,ƒê·∫øn pleiku m√† ch∆∞a ƒë∆∞·ª£c ƒë·∫øn con ƒë∆∞·ªùng n√†y üò≠üò≠üò≠,2020-08-02,100007705418590,,,0,0,0,1,0,0,0,1,FACEBOOK,SOCIAL_NETWORK
2595415750756084,ƒêo·∫°n m√¥ s ko bi·∫øt ta,2020-08-02,100009185240726,,,1,0,0,0,0,0,0,1,FACEBOOK,SOCIAL_NETWORK
2595415750756084,ƒê∆∞·ªùng ƒë·∫πp th·∫ø n√†y m√† kh√¥ng ƒë∆∞·ª£c ƒëi nhanh üòå,2020-08-02,100009995885393,,,1,0,0,0,0,0,0,1,FACEBOOK,SOCIAL_NETWORK
2595415750756084,Mi√™n D∆∞∆°ng üòÖüòä,2020-08-02,100010208776898,,,0,0,0,1,0,0,0,1,FACEBOOK,SOCIAL_NETWORK
2595415750756084,So beautiful,2020-08-02,100010828726314,,,1,0,0,0,0,0,0,1,FACEBOOK,SOCIAL_NETWORK
2595415750756084,Su≈á≈ày Pleiku nh√©,2020-08-02,100011603928936,,,0,0,0,0,0,0,0,0,FACEBOOK,SOCIAL_NETWORK
2595415750756084,ƒê·∫πp th·∫≠t,2020-08-02,100000323613767,,,1,0,0,0,0,0,0,1,FACEBOOK,SOCIAL_NETWORK
2595415750756084,Th√†nh C√¥ng ra g√¨ ƒë·∫•y,2020-08-02,100008521510924,,,0,0,0,0,0,0,0,0,FACEBOOK,SOCIAL_NETWORK
2595415750756084,Si√™u CA,2020-08-02,100010499268838,,,1,0,0,0,0,0,0,1,FACEBOOK,SOCIAL_NETWORK
2595415750756084,Ho√†ng Quy·∫øt yahuuuu,2020-08-02,100000027135288,,,0,0,0,0,0,0,0,0,FACEBOOK,SOCIAL_NETWORK
2595415750756084,"H·ªìi l·ªõp 7 ƒëc √¥ng c·∫≠u ch·ªü qua ƒë√¢y,·ªïng c√≤n th·∫£ 2 tay:)) v·ª´a ph√™ v·ª´a s·ª£ üòÖ",2020-08-02,100008224184389,,,0,0,0,1,0,0,0,1,FACEBOOK,SOCIAL_NETWORK
2595415750756084,Kh√°nh Phan ƒëi xong kh√≥c lu√¥n,2020-08-02,100029222111171,,,0,0,0,0,0,0,0,0,FACEBOOK,SOCIAL_NETWORK
2595415750756084,L√™ Th·ªã Th√πy Linh v·ªÅ a ch·ªü ƒëi kh√°m ph√° T√¢y Nguy√™n,2020-08-02,100008041412185,,,0,0,1,0,0,0,0,1,FACEBOOK,SOCIAL_NETWORK
2595415750756084,Vi·ªát D≈©ng,2020-08-02,100002546375147,,,0,0,0,0,0,0,0,0,FACEBOOK,SOCIAL_NETWORK
2595415750756084,H√≤a Di·ªáu V√µ l√†m g√¨ c√≥ ƒëo·∫°n n√†y?,2020-08-02,100034370030244,,,1,0,0,0,0,0,0,1,FACEBOOK,SOCIAL_NETWORK
2595415750756084,D∆∞∆°ng Hu·ª≥nh ƒê·ª©c,2020-08-02,100006288694518,,,0,0,0,1,0,0,0,1,FACEBOOK,SOCIAL_NETWORK
2595415750756084,ƒë∆∞·ªùng n√†y test wave alpha th√¨ ph√™..:)),2020-08-02,100004244221215,,,0,0,0,0,0,0,0,0,FACEBOOK,SOCIAL_NETWORK
2595415750756084,ƒê∆∞·ªùng t·ª´ kontum ra bi√™n h·ªì ƒë·∫πp m√™ l√≤ng ng∆∞·ªùi ch·ªâ s·ª£ b·ªã b·∫Øn t·ªëc ƒë·ªô ü§£ü§£,2020-08-02,100005162684225,,,0,0,0,0,0,0,0,0,FACEBOOK,SOCIAL_NETWORK
2595415750756084,ƒê·∫πp nh∆∞ ƒë∆∞·ªùng t√¨nh c·ªßa t üòå,2020-08-01,100004199020583,,,0,0,0,2,0,0,0,2,FACEBOOK,SOCIAL_NETWORK
2595415750756084,Tr·∫ßn Vi·ªát c√≥ c·∫£ ri n·ª±a h·ªü,2020-08-01,100007840936824,,,1,0,0,0,0,0,0,1,FACEBOOK,SOCIAL_NETWORK
2595415750756084,√Çy gu... tuy·ªát,2020-08-01,100004449407904,,,1,0,0,0,0,0,0,1,FACEBOOK,SOCIAL_NETWORK
2595415750756084,C√≥ ƒëi ƒë∆∞·ªùng n√†y ch∆∞a Michael U-S·∫Øc?,2020-08-01,100000468770656,,,1,0,0,0,0,0,0,1,FACEBOOK,SOCIAL_NETWORK
2595415750756084,Trang Ph·∫°m ƒëi ƒëg n√†y ch·∫Øc s·ªëc qu√°,2020-08-01,100002695195482,,,0,0,0,1,0,0,0,1,FACEBOOK,SOCIAL_NETWORK
2595415750756084,U√¢y ra hagl cx ƒëc haaa,2020-08-01,100040732191434,,,1,0,0,0,0,0,0,1,FACEBOOK,SOCIAL_NETWORK
2595415750756084,nh·ªõ t√¢y nguy√™n gh√™ kh√¥ng bi·∫øt bao gi·ªù m·ªõi v√†o ƒë∆∞·ª£c ti·∫øp,2020-08-01,100007140730496,,,1,0,0,0,0,0,0,1,FACEBOOK,SOCIAL_NETWORK
2595415750756084,Ng√¥ Minh Hi·∫øu n·ªï m√°y e??,2020-08-01,100007167102070,,,0,0,0,1,0,0,0,1,FACEBOOK,SOCIAL_NETWORK
2595415750756084,ƒêi bg th·∫ø cu,2020-08-01,100004533783411,,,0,0,0,0,0,0,0,0,FACEBOOK,SOCIAL_NETWORK
2595415750756084,,2020-08-01,100004119691063,https://scontent.fhan5-2.fna.fbcdn.net/v/t1.0-0/s403x403/117009302_1789697121177594_5861155886987798660_n.jpg?_nc_cat=102&_nc_sid=dbeb18&_nc_ohc=f01BIccgMKwAX_Hkul7&_nc_ht=scontent.fhan5-2.fna&_nc_tp=7&oh=f2ef02ed2b190d3d05e9da2dff7e3753&oe=5F4D27C3," ƒë√°m m√¢y, b·∫ßu tr·ªùi, ngo√†i tr·ªùi v√† thi√™n nhi√™n",0,0,0,1,0,0,0,1,FACEBOOK,SOCIAL_NETWORK
2595415750756084,ƒê·∫°t VƒÉn L√≤ nh√¨n quen kh√¥ng b·∫°n hi·ªÅn??,2020-08-01,100047358219706,,,1,0,0,0,0,0,0,1,FACEBOOK,SOCIAL_NETWORK
2595415750756084,D∆∞∆°ng Ho√†ng,2020-08-01,100015852886761,,,0,0,0,0,0,0,0,0,FACEBOOK,SOCIAL_NETWORK
2595415750756084,L√Ω Quang Vinh‚ù§Ô∏è,2020-08-01,100009729761288,https://scontent.fhan5-2.fna.fbcdn.net/v/t1.0-0/s403x403/116435369_1204879569846357_6941240284956707102_n.jpg?_nc_cat=110&_nc_sid=dbeb18&_nc_ohc=FbjuTzFjI5cAX9YX6v0&_nc_ht=scontent.fhan5-2.fna&_nc_tp=7&oh=eb586c2050da044e4eed6fe4dc44c7ad&oe=5F4E3CEF," m√≥n ƒÉn, 'Lu Quang Vinh'",0,0,0,0,0,0,0,0,FACEBOOK,SOCIAL_NETWORK
2595415750756084,Nh√¨n ƒë∆∞·ªùng ƒë√£ th√≠ch max speed r·ªìi!,2020-08-01,100005014205312,,,0,0,0,1,0,0,0,1,FACEBOOK,SOCIAL_NETWORK
2595415750756084,ƒê∆∞·ªùng n√†y m√† ch·∫°y pkl h·∫øt ga th√¨ phi√™u l·∫Øm,2020-08-01,100027236867138,,,1,0,0,0,0,0,0,1,FACEBOOK,SOCIAL_NETWORK
2595415750756084,Ch∆∞a ph√™ b·∫±ng ƒëi ƒë∆∞·ªùng ƒë√®o,2020-08-01,100006004360171,,,1,0,0,0,0,0,0,1,FACEBOOK,SOCIAL_NETWORK
2595415750756084,Ph·∫°m Oanh ·ªõi Oanh c·ª•a t√¥i,2020-08-01,100005611326693,,,0,0,0,0,0,0,0,0,FACEBOOK,SOCIAL_NETWORK
2595415750756084,"Si√™u ph√™, ƒëi h√∫ h√©t ko bi·∫øt bao nhi√™u l·∫ßn ",2020-08-01,100003101640957,https://scontent.fhan5-7.fna.fbcdn.net/v/t1.0-0/s403x403/116585205_3103837393062952_3223352681063753181_n.jpg?_nc_cat=103&_nc_sid=dbeb18&_nc_ohc=zL-MHyKFo6sAX9D2BRZ&_nc_ht=scontent.fhan5-7.fna&_nc_tp=7&oh=bde79f91ab57ec47b5a336701edc0a65&oe=5F4C2605," b·∫ßu tr·ªùi, ƒë√°m m√¢y, c√¢y, th·ª±c v·∫≠t, ngo√†i tr·ªùi v√† thi√™n nhi√™n",1,0,0,0,0,0,0,1,FACEBOOK,SOCIAL_NETWORK
2595415750756084,Lan Anh ƒë∆∞·ªùng g√¨ ƒë√¢y b·∫°n eyy,2020-08-01,100006197805641,,,0,0,0,1,0,0,0,1,FACEBOOK,SOCIAL_NETWORK
2595415750756084,Ql14 lu√¥n h·∫£ c·∫£ nh√†,2020-08-01,100003882702066,,,0,0,0,0,0,0,0,0,FACEBOOK,SOCIAL_NETWORK
2595415750756084,Nguy·ªÖn Duy√™n √°i ch√†,2020-08-01,100008154720772,,,0,0,0,1,0,0,0,1,FACEBOOK,SOCIAL_NETWORK
2595415750756084,Th·∫•y ƒë∆∞·ªùng ƒë·∫πp gh√™.üòù Nghƒ© t·ªõi c·∫£nh xe h·∫øt xang ƒë·∫Øt l√™n d√≥c üòÜ ph√™,2020-08-01,100024357104416,,,0,0,0,2,0,0,0,2,FACEBOOK,SOCIAL_NETWORK
2595415750756084,Nguy·ªÖn Th·ªã Lan Anh ,2020-08-01,100041387073033,,,0,0,0,0,0,0,0,0,FACEBOOK,SOCIAL_NETWORK
2595415750756084,·∫§n t∆∞·ª£ng ƒë·∫ßu ti√™n khi ƒë·∫øn Gia Lai ,2020-08-01,100003637988998,,,0,0,0,0,0,0,0,0,FACEBOOK,SOCIAL_NETWORK
2595415750756084,Bay lu√¥n :))),2020-08-01,100005791385757,,,1,0,0,0,0,0,0,1,FACEBOOK,SOCIAL_NETWORK
2595415750756084,Nguy·ªÖn Th·ªã G·∫•m ƒë∆∞·ªùng th·∫≥ng nh∆∞ ƒë∆∞·ªùng v√†o tim cr c·ªßa m√¨nh v ,2020-08-01,100030450980775,,,0,0,0,0,0,1,0,1,FACEBOOK,SOCIAL_NETWORK
2595415750756084,Ph·∫°m Ng·ªçc D∆∞∆°ng v·∫´n ko th·∫•y h·ªìi ƒë√°püôÑ,2020-08-01,100007033783855,,,0,0,0,1,0,0,0,1,FACEBOOK,SOCIAL_NETWORK
2595415750756084,Tr∆∞∆°ng Ho√†ng Thi ph∆∞·ª£t k,2020-08-01,100011857263274,,,0,0,0,0,0,0,0,0,FACEBOOK,SOCIAL_NETWORK
2595415750756084,ƒê∆∞·ªùng n√†y ƒë·∫°p xe ƒë·∫°p ch·ªâ c√≥ m√† l√≤i le.... üòñ,2020-08-01,100017091302183,,,0,0,0,1,0,0,0,1,FACEBOOK,SOCIAL_NETWORK
2595415750756084,Nguy·ªÖn Qu·ª≥nh Anh,2020-08-01,100005538484055,,,1,0,0,0,0,0,0,1,FACEBOOK,SOCIAL_NETWORK
2595415750756084,,2020-08-01,100012109426006,,,3,0,0,0,0,0,0,3,FACEBOOK,SOCIAL_NETWORK
2595415750756084,Nguy·ªÖn L√™ Thanh Duy√™n c√≤n nh·ªõ hay ƒë√£ qu√™nüòÇüòÇ,2020-08-01,100008788955459,,,1,0,0,0,0,0,0,1,FACEBOOK,SOCIAL_NETWORK
2595415750756084,Kk ƒë√£ tr·∫£i nghi·ªám ,2020-08-01,100010652738841,,,1,0,0,0,1,1,0,3,FACEBOOK,SOCIAL_NETWORK
2595415750756084,ƒê∆∞·ªùng v·ªÅ qu√™ v·ª£ em ü§£,2020-08-01,100005262215630,,,1,0,0,0,0,0,0,1,FACEBOOK,SOCIAL_NETWORK
2595415750756084,Ph∆∞∆°ng Kh·∫£i,2020-08-01,100007514011071,,,0,0,0,0,0,0,0,0,FACEBOOK,SOCIAL_NETWORK
2595415750756084,Th·∫ø n√†y t·∫≠p ƒëi xe ƒë·∫°p th√¨ tuy·ªát v·ªùiüòÜ,2020-08-01,100013220765674,,,0,0,0,0,0,0,0,0,FACEBOOK,SOCIAL_NETWORK
2595415750756084,G·∫ßn nh√† m ko? T√≠ C∆∞ng,2020-08-01,100005126106210,,,1,0,0,1,0,0,0,2,FACEBOOK,SOCIAL_NETWORK
2595415750756084,C√≥ bay ƒëc ko m·ªçi ng∆∞·ªùi,2020-08-01,100011890758813,,,0,0,0,1,0,0,0,1,FACEBOOK,SOCIAL_NETWORK
2595415750756084,"ƒê∆∞·ªùng tr√°nh th√†nh ph·ªë t·ªõ ƒë√£ chinh ph·ª•c, ƒë·∫πp mi√™n man.",2020-08-01,100004300540181,,,1,0,0,0,0,0,0,1,FACEBOOK,SOCIAL_NETWORK
2595415750756084,Tr√∫c Ng·ªçc Ch·∫°y ch·∫Øc √™m l·∫Øm ha,2020-08-01,100026830683538,,,0,0,0,0,0,0,0,0,FACEBOOK,SOCIAL_NETWORK
2595415750756084,ƒê∆∞·ªùng n√†y th·∫≥ng nh∆∞ ƒë∆∞·ªùng v√†o tim cr :)),2020-08-01,100026570199359,,,0,0,0,1,0,0,0,1,FACEBOOK,SOCIAL_NETWORK
2595415750756084,ƒê·∫πp qu√° tr·ªùi ƒë·∫πp,2020-08-01,100003814891606,,,1,0,0,0,0,0,0,1,FACEBOOK,SOCIAL_NETWORK
2595415750756084,ƒê√£ th·∫≥ng r·ªìi l·∫°i c√≤n m·ªãn n∆∞√£,2020-08-01,100004976319147,,,0,0,0,0,0,0,0,0,FACEBOOK,SOCIAL_NETWORK
2595415750756084,Phong Ng·ªë,2020-08-01,100014433845088,,,0,0,0,0,0,0,0,0,FACEBOOK,SOCIAL_NETWORK
2595415750756084,Ch·ªß th·ªõt ∆°i Em xin ƒëja danh con ƒë∆∞·ªùng n√†y v·ªõi ·∫°,2020-08-01,100023722998540,,,0,0,0,0,0,0,0,0,FACEBOOK,SOCIAL_NETWORK
2595415750756084,sao h√¥m m√¨nh ƒëi K th·∫•y nh·ªâ,2020-08-01,100009005144510,,,0,0,0,1,0,0,0,1,FACEBOOK,SOCIAL_NETWORK
2595415750756084,√î con ƒë∆∞·ªùng ƒë·∫•t ƒë·ªè- m·∫∑t tr·ªùi r·∫•t ƒë·ªè...... Pleiku e ƒë·∫πp tuy·ªát v·ªùi mu·ªën m·ªôt l·∫ßn ƒë∆∞·ª£c gh√© quaü§©,2020-08-01,100006501016040,,,1,0,0,0,0,0,0,1,FACEBOOK,SOCIAL_NETWORK
2595415750756084,th√™m m·∫∑t tr·ªùi m·ªçc gi·ªØa ƒë·ªânh th√¨ c√≤n j b·∫±ng,2020-08-01,100008728891861,,,1,0,0,0,0,0,0,1,FACEBOOK,SOCIAL_NETWORK
2595415750756084,Ho√†ng Th·ªã Duy√™n nh√¨n con ƒë∆∞·ªùng n√†y nh·ªõ l·ªãch s·ª´ qu√°:(,2020-08-01,100041369690074,,,0,0,0,0,0,0,0,0,FACEBOOK,SOCIAL_NETWORK
2595415750756084,·ªû m√¥ ƒë√¢y ·∫°,2020-08-01,100004866192866,,,0,0,0,0,0,0,0,0,FACEBOOK,SOCIAL_NETWORK
2595415750756084,ƒê·∫πp th·∫ø ‚ù§Ô∏è,2020-08-01,100033354125166,,,1,0,0,0,0,0,0,1,FACEBOOK,SOCIAL_NETWORK
2595415750756084,ƒê·∫≠u ƒê·∫≠u ,2020-08-01,100003689107376,,,0,0,0,0,0,0,0,0,FACEBOOK,SOCIAL_NETWORK
2595415750756084,Ha Thii Kim Tuyen bay v√†o ƒë√≥ r·ªìi thu√™ xe ƒë·∫°p tui ƒë√®o c·∫≠u ik ü§£,2020-08-01,100013111068835,,,0,0,0,0,0,1,0,1,FACEBOOK,SOCIAL_NETWORK
2595415750756084,"Nh√¨n l√† mu·ªën.... Ch√†o em, em ƒë√£ vi ph·∫°m l·ªói ch·∫°y qu√° t·ªëc ƒë·ªô 120/50km/h...",2020-08-01,100049341229278,,,0,0,0,1,0,0,0,1,FACEBOOK,SOCIAL_NETWORK
2595415750756084,ƒê∆∞·ªùng l√™n ti√™n c·∫£nh l√† c√≥ th·∫≠tü§¶,2020-08-01,100015393499014,,,0,0,0,1,0,0,0,1,FACEBOOK,SOCIAL_NETWORK
2595415750756084,Th√†nh Thanh L√™ ,2020-08-01,100005476323768,,,0,0,0,0,0,0,0,0,FACEBOOK,SOCIAL_NETWORK
2595415750756084,Nh√¨n l√† mu·ªën y√™u r·ªìi,2020-08-01,100004379476806,,,0,0,0,1,0,0,0,1,FACEBOOK,SOCIAL_NETWORK
2595415750756084,Nh·∫≠t Tu·∫•n l√†m m√†o,2020-08-01,100015182856586,,,0,0,0,0,0,0,0,0,FACEBOOK,SOCIAL_NETWORK
2595415750756084,Nh·∫≠t Nh√£ Ng√¢n :vv ch·ªó m h·ªü,2020-08-01,100010775897036,,,0,0,0,0,0,1,0,1,FACEBOOK,SOCIAL_NETWORK
2595415750756084,ƒê√£ t·ª´ng c√≥ 1 m·ªëi t√¨nh bu·ªìn ƒëau m√† ch·∫£ bh qu√™n dc ·ªü ƒë√≥üò¢,2020-08-01,100027170632563,,,0,0,0,0,2,0,0,2,FACEBOOK,SOCIAL_NETWORK
2595415750756084,C·ªëi Ki·ªám,2020-08-01,100006723764402,,,0,0,0,0,0,0,0,0,FACEBOOK,SOCIAL_NETWORK
2595415750756084,B·∫£o ƒê·ª©c ƒëi ƒë∆∞·ªùng n√†y ch∆∞a e??,2020-08-01,100003966889256,,,0,0,0,0,0,0,0,0,FACEBOOK,SOCIAL_NETWORK
2595415750756084,ƒê∆∞·ªùng tr√°nh Tp Pleiku ph·∫£i k ch·ªß th·ªõt,2020-08-01,100015633819321,,,0,0,0,0,0,0,0,0,FACEBOOK,SOCIAL_NETWORK
2595415750756084,Glaii nao,2020-08-01,100040932858060,,,1,0,0,0,0,0,0,1,FACEBOOK,SOCIAL_NETWORK
2595415750756084,∆Ø·ªöc ƒëc qua ƒë√¢y 1l·∫ßn‚ù§Ô∏è,2020-08-01,100007161879228,,,1,0,0,0,0,0,0,1,FACEBOOK,SOCIAL_NETWORK
2595415750756084,,2020-08-01,100009493295285,,,1,0,0,0,0,0,0,1,FACEBOOK,SOCIAL_NETWORK
2595415750756084,t√¢y nguy√™n c√≥ nh·ªØng con ƒë∆∞·ªùng ƒë·∫πp ƒëi v√†o l√≤ng ng∆∞·ªùi,2020-08-01,100004257605500,,,1,0,0,0,0,0,0,1,FACEBOOK,SOCIAL_NETWORK
2595415750756084,Huy Pham bay,2020-08-01,100047593873112,,,0,0,0,1,0,0,0,1,FACEBOOK,SOCIAL_NETWORK
2595415750756084,Harayong Jung l√†m chuy·∫øn,2020-08-01,100010058358191,,,0,1,0,0,0,0,0,1,FACEBOOK,SOCIAL_NETWORK
2595415750756084,Cho em xin qu·∫£ ·∫£nh nh√©üòÉ,2020-08-01,100010101468104,,,0,0,0,1,0,0,0,1,FACEBOOK,SOCIAL_NETWORK
2595415750756084,C·ª© nh∆∞ phim mƒ© √Ω nh·ªâ. ,2020-08-01,100000448295050,,,2,0,0,0,0,0,0,2,FACEBOOK,SOCIAL_NETWORK
2595415750756084,Nguy·ªÖn H·∫£i ƒëo·∫°n n√†o v·∫≠y üòÇ,2020-08-01,100009457595988,,,0,0,0,0,0,0,0,0,FACEBOOK,SOCIAL_NETWORK
2595415750756084,∆Ø·ªõc üòø,2020-08-01,100009954166338,,,1,0,0,8,0,0,0,9,FACEBOOK,SOCIAL_NETWORK
2595415750756084,Cho t xin ·∫£nh nha b·∫°n :3,2020-08-01,100008381266948,,,0,0,0,0,0,0,0,0,FACEBOOK,SOCIAL_NETWORK
2595415750756084,"Y·∫øn Na c ƒëc ƒëi qua ch∆∞a? Ph√°t bi·ªÉu cho e c√°i c·∫£m nghƒ© , e ƒëo√°n c ƒëi qua n√™n tag :))",2020-08-01,100004603069251,,,0,0,0,1,0,0,0,1,FACEBOOK,SOCIAL_NETWORK
2595415750756084,"Nguy·ªÖn Phan L·ª£iPh·∫°m T·∫•n L·ªôc B·ªØa t ƒëi qua kh√∫c n√†y n√®, bao ph√™ ü§©",2020-08-01,100004399921977,,,1,0,0,0,0,0,0,1,FACEBOOK,SOCIAL_NETWORK
2595415750756084,ƒê√£ ƒëi qua cung ƒë∆∞·ªùng n√†y v√† say oto s·∫•p m·∫∑t l·ª£n ü•¥,2020-08-01,100003942270502,,,0,0,0,1,0,0,0,1,FACEBOOK,SOCIAL_NETWORK
2595415750756084,Nguy·ªÖn Ho√†i Thu con ƒë∆∞·ªùng ·ªè T√¢y Nguy√™n e b·∫£o ƒë√¢y,2020-08-01,100001164327781,,,0,0,0,0,0,0,0,0,FACEBOOK,SOCIAL_NETWORK
2595415750756084,"C·ª© c√≥ c√¢y xanh, l√† th·∫•y m√°t c·∫£ ng∆∞·ªùi :)))",2020-08-01,100013371902093,,,0,0,0,1,0,0,0,1,FACEBOOK,SOCIAL_NETWORK
2595415750756084,ƒê√¢y l√† l√Ω do g√°i GL m√¥ng to,2020-08-01,100004948052576,,,0,0,0,2,0,0,0,2,FACEBOOK,SOCIAL_NETWORK
2595415750756084,ƒê√£ ƒëi qua rui m√† ƒëi b·∫±ng oto n√™n k ch·ª•p h·∫øt dk v·∫ª ƒë·∫πp c·ªßa n√≥üôÉ,2020-08-01,100009195562301,,,1,0,0,0,0,0,0,1,FACEBOOK,SOCIAL_NETWORK
2595415750756084,ƒê·∫πp xƒ©u d·ªã:)),2020-08-01,100009940028513,,,1,0,0,0,0,0,0,1,FACEBOOK,SOCIAL_NETWORK
2595415750756084,·ªû ƒë√¢u Pleiku b·∫°n nh·ªâ,2020-08-01,100002990262368,,,0,0,0,0,0,0,0,0,FACEBOOK,SOCIAL_NETWORK
2595415750756084,,2020-08-01,100007445748370,,,1,0,0,0,0,0,0,1,FACEBOOK,SOCIAL_NETWORK
2595415750756084,ƒê√™m mu·ªôn ch·∫°y ƒë√∫ng ƒë√£. ,2020-08-01,100003213000140,,,1,0,0,0,0,0,0,1,FACEBOOK,SOCIAL_NETWORK
2595415750756084,Dg n√†y l√† ƒë∆∞·ªùng tr√°nh th·ªã x√£ bu√¥n h·ªì,2020-08-01,100001532043939,,,0,0,0,0,0,0,0,0,FACEBOOK,SOCIAL_NETWORK
2595415750756084,Ho√†ng Th·ªã Th·ªßy ü§§,2020-08-01,100027772090573,,,0,0,0,1,0,0,0,1,FACEBOOK,SOCIAL_NETWORK
2595415750756084,Th√°i Phong ,2020-08-01,100005547727908,,,0,0,0,1,0,0,0,1,FACEBOOK,SOCIAL_NETWORK
2595415750756084,ƒê√£ ƒëi qua ü§≠,2020-08-01,100027174650871,,,1,0,0,0,0,0,0,1,FACEBOOK,SOCIAL_NETWORK
2595415750756084,Nguy·ªÖn VƒÉn H√πng th·∫•y quen k b·∫°n m√¨nh ,2020-08-01,100015409367385,,,0,0,0,0,0,0,0,0,FACEBOOK,SOCIAL_NETWORK
2595415750756084,ƒêc ƒëi qua r·ªìi n√®...b·∫£o ƒë·∫£m bao ph√™ üòå,2020-08-01,100022841720755,,,1,0,0,0,0,0,0,1,FACEBOOK,SOCIAL_NETWORK
2595415750756084,·ªêi r·ªìi √¥i con ƒë∆∞·ªùng n√†y m√† maxspeed th√¨ ph·∫£i sung s∆∞·ªõng bi·∫øt m·∫•y anh ·∫°üòÜ,2020-08-01,100024328770774,,,0,0,0,2,0,0,0,2,FACEBOOK,SOCIAL_NETWORK
2595415750756084,H∆∞·ªùng 's ƒë·∫πpp,2020-08-01,100008615506371,,,0,0,0,0,0,0,0,0,FACEBOOK,SOCIAL_NETWORK
2595415750756084,Gia lai nhi·ªÅu ƒë∆∞·ªùng ƒë·∫πp,2020-08-01,100004155721908,,,1,0,0,0,0,0,0,1,FACEBOOK,SOCIAL_NETWORK
2595415750756084,Trang NguyenNgoc Trang VuTrang Ngo con ƒë∆∞·ªùng ch√∫ng ta t·ª´ng ƒëi n√†y,2020-08-01,100008392628899,,,0,0,0,0,0,0,0,0,FACEBOOK,SOCIAL_NETWORK
2595415750756084,∆∞·ªõc m·ªôt l·∫ßn ƒë∆∞·ª£c ƒëi.,2020-08-01,100019891442896,,,1,0,0,0,0,0,0,1,FACEBOOK,SOCIAL_NETWORK
2595415750756084,ƒê∆∞·ªùng M≈©i N√© c≈©ng ƒë·∫πp l·∫Øm ae ·∫°.,2020-08-01,100010921036753,https://scontent.fhan5-2.fna.fbcdn.net/v/t1.0-0/s180x540/116801517_1172231846484172_8625139576444891752_o.jpg?_nc_cat=110&_nc_sid=dbeb18&_nc_ohc=f-tw_zrJUYYAX-EaB4Q&_nc_ht=scontent.fhan5-2.fna&_nc_tp=7&oh=4863a94431fb7ae4f63d6817a15fca3b&oe=5F4D0B4C," 1 ng∆∞·ªùi, ƒëang ƒë·ª©ng, ƒë√°m m√¢y, b·∫ßu tr·ªùi, ngo√†i tr·ªùi v√† thi√™n nhi√™n",3,0,0,0,0,0,0,3,FACEBOOK,SOCIAL_NETWORK
2595415750756084,C√πng con ƒë∆∞·ªùng ƒë·∫•y :),2020-08-01,100004093190717,https://scontent.fhan5-3.fna.fbcdn.net/v/t1.0-0/s526x395/116925156_2202983219848096_6801441579624152857_o.jpg?_nc_cat=111&_nc_sid=dbeb18&_nc_ohc=XD32309KgEsAX9a-N_m&_nc_ht=scontent.fhan5-3.fna&_nc_tp=7&oh=8f0e83bc40fe50b2cc102e84afcd4014&oe=5F4BF1AF," b·∫ßu tr·ªùi, ngo√†i tr·ªùi v√† thi√™n nhi√™n",2,0,0,0,0,0,0,2,FACEBOOK,SOCIAL_NETWORK
2595415750756084,R∆°i L·ªá,2020-08-01,100052130191664,,,0,0,0,0,0,0,0,0,FACEBOOK,SOCIAL_NETWORK
2595415750756084,ƒêo·∫°n ƒë∆∞·ªùng tr√°nh ƒëi ƒëƒÉk lƒÉk th√¨ ph·∫£i,2020-08-01,100012026258968,,,2,0,0,0,0,0,0,2,FACEBOOK,SOCIAL_NETWORK
2595415750756084,ch∆∞a th·∫•y g√¨ c·∫£ :(,2020-08-01,100003537920483,https://scontent.fhan5-7.fna.fbcdn.net/v/t1.0-0/s526x395/116434021_3022070031254231_4707483986846461815_o.jpg?_nc_cat=100&_nc_sid=dbeb18&_nc_ohc=IvV7V8yI-vEAX9NPMXU&_nc_ht=scontent.fhan5-7.fna&_nc_tp=7&oh=598e864b7c8df7f90e160d0719e08d2a&oe=5F4DAC2D,.,1,0,0,1,0,0,0,2,FACEBOOK,SOCIAL_NETWORK
2595415750756084,ƒë√£ di cung ƒë∆∞·ªùng n√†y : An kh√™ - Pleiku - Bu√¥n M√™ - earka ,2020-08-01,100001802850662,,,2,0,0,0,0,0,0,2,FACEBOOK,SOCIAL_NETWORK
2595415750756084,Su Ya m√¨nh ƒëi qua khong nh·ªù ???,2020-08-01,100008355037618,,,0,0,0,0,0,0,0,0,FACEBOOK,SOCIAL_NETWORK
2595415750756084,Theo ƒë·ªãa h√¨nh,2020-08-01,100004942832572,,,0,0,0,0,0,0,0,0,FACEBOOK,SOCIAL_NETWORK
2595415750756084,L√™ S∆°n ƒê∆∞·ªùng v·ªÅ nh√† √¥ng ƒë·∫•y h·∫£,2020-08-01,100003705895026,,,0,0,0,0,0,0,0,0,FACEBOOK,SOCIAL_NETWORK
2595415750756084,ƒê√†o Th·ªã Thu Trang tay l√°i b c·ª©ng th√¨ ta th·∫£ th·ª≠ xem n√†o :)),2020-08-01,100005299666488,,,0,0,0,0,0,0,0,0,FACEBOOK,SOCIAL_NETWORK
2595415750756084,ƒêo·∫°n n√†y ƒë∆∞·ªùng ch√°nh gia lai ƒëi dak lak n√® m√¨nh ƒë√£ t·ª´ng ch·∫°y,2020-08-01,100005474198537,,,1,0,0,0,0,0,0,1,FACEBOOK,SOCIAL_NETWORK
2595415750756084,Ch·∫°y xe ƒë·∫°p th·∫£ d·ªëc ph√™ ph·∫£i bi·∫øt üôÑ,2020-08-01,100009271727603,,,0,0,0,1,0,0,0,1,FACEBOOK,SOCIAL_NETWORK
2595415750756084,,2020-08-01,100012493816251,,,1,0,0,0,0,0,0,1,FACEBOOK,SOCIAL_NETWORK
2595415750756084,,2020-08-01,100005411644759,https://scontent.fhan5-7.fna.fbcdn.net/v/t1.0-0/s403x403/116378535_1384395958417446_9138472193019806564_n.jpg?_nc_cat=103&_nc_sid=dbeb18&_nc_ohc=Ve3swue77NsAX9PHjMd&_nc_ht=scontent.fhan5-7.fna&_nc_tp=7&oh=b4452d876849fe4703e28f0d954a331c&oe=5F4F0D50," 1 ng∆∞·ªùi, ƒëang ƒë·ª©ng v√† ngo√†i tr·ªùi",0,0,0,0,0,0,0,0,FACEBOOK,SOCIAL_NETWORK
2595415750756084,cao t·ªëc autuo ban b√™n ƒë·ª©c √†,2020-08-01,100004776586976,,,1,0,0,0,0,0,0,1,FACEBOOK,SOCIAL_NETWORK
2595415750756084,ƒê√£ t·ª´ng ƒë∆∞·ª£c ƒëi ... ph√™,2020-08-01,100003137959080,,,1,0,0,0,0,0,0,1,FACEBOOK,SOCIAL_NETWORK
2595415750756084,,2020-08-01,100039515492125,https://scontent.fhan5-7.fna.fbcdn.net/v/t1.0-0/s403x403/113811452_289178729075975_2530966374281854238_o.jpg?_nc_cat=103&_nc_sid=dbeb18&_nc_ohc=s2oNDgsbJpIAX_KKHXO&_nc_oc=AQldjf0vpqYizwq7V6Td0MSoJ7PWjaAcPlzfHTGMKGW5ud--hARHIZF_h6jm2uLz-c0&_nc_ht=scontent.fhan5-7.fna&_nc_tp=7&oh=f6c07482b8a444893dde83cde403abbc&oe=5F4C6459," ƒë√°m m√¢y, b·∫ßu tr·ªùi, n√∫i, ngo√†i tr·ªùi v√† thi√™n nhi√™n",0,0,0,0,0,0,0,0,FACEBOOK,SOCIAL_NETWORK
2595415750756084,ƒê√¢y l√† d·ªëc l√™n tam ƒë·∫£o ph·∫£i kh√¥ng v·∫≠y,2020-08-01,100009260932866,,,0,0,0,1,0,0,0,1,FACEBOOK,SOCIAL_NETWORK
2595415750756084,Ho√†ng Duy khi n√†o m·ªõi ƒëc ƒëi h·∫£ a üòÇ,2020-08-01,100009981513610,,,0,0,0,0,0,0,0,0,FACEBOOK,SOCIAL_NETWORK
2595415750756084,Ng√¥ Ng·ªçc B·∫£o ph√™ ko cu,2020-08-01,100004013717518,,,0,0,0,0,0,0,0,0,FACEBOOK,SOCIAL_NETWORK
2595415750756084,Thanh Nhox k·ª≥ sau ƒëi √†,2020-08-01,100005124258343,,,1,0,0,0,0,0,0,1,FACEBOOK,SOCIAL_NETWORK
2595415750756084,"Tui t·ª´ HN v√†o ch∆°i, nh·ªõ c√≥ 2 ƒë·ª©a con g√°i ƒë√®o nhau ƒëi l·∫°c ü§£ü§£ü§£",2020-08-01,100003842554703,,,0,0,0,1,0,0,0,1,FACEBOOK,SOCIAL_NETWORK
2595415750756084,,2020-08-01,100012749859077,https://scontent.fhan5-6.fna.fbcdn.net/v/t1.0-0/p200x200/116288345_994109964357323_4388868982402063277_o.jpg?_nc_cat=105&_nc_sid=dbeb18&_nc_ohc=rKF0VF_MAs8AX8ou0F4&_nc_ht=scontent.fhan5-6.fna&_nc_tp=6&oh=84e6d18cc49800862639227f2a3dd335&oe=5F4BC0A7, ngo√†i tr·ªùi,1,0,0,0,0,0,0,1,FACEBOOK,SOCIAL_NETWORK
2595415750756084,H∆∞·ªõng t·ª´ Pleiku ra ƒë·∫Øk ƒëoa :3,2020-08-01,100014660642278,https://scontent.fhan5-6.fna.fbcdn.net/v/t1.0-0/p296x100/116892748_918465375318809_1720161798788617261_o.jpg?_nc_cat=105&_nc_sid=dbeb18&_nc_ohc=alLazKvYOQEAX_I1trL&_nc_ht=scontent.fhan5-6.fna&_nc_tp=6&oh=07f5320d5bc58f2551c6846e1812457b&oe=5F4F0CCC," b·∫ßu tr·ªùi, ƒë√°m m√¢y, c√¢y, ngo√†i tr·ªùi v√† thi√™n nhi√™n",1,0,0,0,0,0,0,1,FACEBOOK,SOCIAL_NETWORK
2595415750756084,Gi·ªëng trong mv c·ªßa b√†i g√¨ vch,2020-08-01,100012749859077,,,0,0,0,0,0,0,0,0,FACEBOOK,SOCIAL_NETWORK
2595415750756084,K nh·ªõ n√≥ n·∫±m ƒëo·∫°n n√†o nh·ªâ,2020-08-01,100006633012616,,,0,0,0,0,0,0,0,0,FACEBOOK,SOCIAL_NETWORK
2595415750756084,T√πy Phong d·∫£i l·ª•a ƒë√†o,2020-08-01,100006068499728,,,1,0,0,0,0,0,0,1,FACEBOOK,SOCIAL_NETWORK
2595415750756084,∆Ø·ªõc dc ai ƒë√≥ d·∫´n ƒëi :v,2020-08-01,100013323100843,,,1,0,0,1,0,0,0,2,FACEBOOK,SOCIAL_NETWORK
2595415750756084,ƒê·∫πp qu√°,2020-08-01,100006028984196,,,1,0,0,0,0,0,0,1,FACEBOOK,SOCIAL_NETWORK
2595415750756084,"Nh·ªõ Pleiku,4 nƒÉm ch∆∞a ƒë∆∞·ª£c quay l·∫°i",2020-08-01,100005141134401,,,1,0,0,0,0,0,0,1,FACEBOOK,SOCIAL_NETWORK
2595415750756084,L√™ Thu·∫≠n,2020-08-01,100003935753330,,,1,0,0,0,0,0,0,1,FACEBOOK,SOCIAL_NETWORK
2595415750756084,ƒêi qua 1 l·∫ßn. ƒê·∫πp th·∫≠t s·ª± lu√¥n ü§ó,2020-08-01,100039907082873,,,1,0,0,0,1,0,0,2,FACEBOOK,SOCIAL_NETWORK
2595415750756084,ƒê·∫πp v·∫≠y th√¥i ch·ª© b·∫Øn t·ªëc ƒë·ªô √°c l·∫Øm,2020-08-01,100005879828164,,,0,0,0,2,0,0,0,2,FACEBOOK,SOCIAL_NETWORK
2595415750756084,Nh∆∞ l√™n tr·ªùi lu√¥n!!,2020-08-01,100002229945458,,,1,0,0,0,0,0,0,1,FACEBOOK,SOCIAL_NETWORK
2595415750756084,"Nh·ªõ Pleiku ph·∫øt, 18 nƒÉm d·ªìi üôÑ",2020-08-01,100001427978922,,,1,0,0,0,0,0,0,1,FACEBOOK,SOCIAL_NETWORK
2595415750756084,Ai c√≥ ·∫£nh ch·ªó c·∫ßu s·ªë 3 ko?,2020-08-01,100004948052576,,,1,0,0,0,0,0,0,1,FACEBOOK,SOCIAL_NETWORK
2595415750756084,M·ªói l·∫ßn v√†o Kon Tum ch·∫°y ƒë∆∞·ªùng n√†y max ph√™ :),2020-08-01,100013793716614,,,1,0,0,0,0,0,0,1,FACEBOOK,SOCIAL_NETWORK
2595415750756084,Xu·∫•t s·∫Øc a,2020-08-01,100009198803482,,,1,0,0,0,0,0,0,1,FACEBOOK,SOCIAL_NETWORK
